[
  {
    "host": "extend-luogu.github.io",
    "port": 443
  },
  {
    "host": "login.microsoftonline.com",
    "port": 443
  },
  {
    "host": "buttons.github.io",
    "port": 443
  },
  {
    "host": "blz04pap002.storage.live.com",
    "port": 443
  },
  {
    "host": "release-assets.githubusercontent.com",
    "port": 443
  },
  {
    "host": "media.githubusercontent.com",
    "port": 443
  },
  {
    "host": "alive.github.com",
    "port": 443
  },
  {
    "host": "dc.services.visualstudio.com",
    "port": 443
  },
  {
    "host": "cdnjs.cloudflare.com",
    "port": 443
  },
  {
    "host": "avatars.githubusercontent.com",
    "port": 443
  },
  {
    "host": "odc.officeapps.live.com",
    "port": 443
  },
  {
    "host": "camo.githubusercontent.com",
    "port": 443
  },
  {
    "host": "fonts.geekzu.org",
    "port": 443
  },
  {
    "host": "github.com",
    "port": 443
  },
  {
    "host": "challenges.cloudflare.com",
    "port": 443
  },
  {
    "host": "smart-luogu.github.io",
    "port": 443
  },
  {
    "host": "education.github.com",
    "port": 443
  },
  {
    "host": "raw.githubusercontent.com",
    "port": 443
  },
  {
    "host": "login.live.com",
    "port": 443
  },
  {
    "host": "dev.azure.com",
    "port": 443
  },
  {
    "host": "collector.github.com",
    "port": 443
  },
  {
    "host": "github.githubassets.com",
    "port": 443
  },
  {
    "host": "g.live.com",
    "port": 443
  },
  {
    "host": "marketplace.visualstudio.com",
    "port": 443
  },
  {
    "host": "onecs-live.azureedge.net",
    "port": 443
  },
  {
    "host": "api.github.com",
    "port": 443
  },
  {
    "host": "js.monitor.azure.com",
    "port": 443
  },
  {
    "host": "update.code.visualstudio.com",
    "port": 443
  },
  {
    "host": "user-images.githubusercontent.com",
    "port": 443
  },
  {
    "host": "fpt.live.com",
    "port": 443
  }
]