{"options":{"check_for_updates":true,"user_modified":null,"comment":null,"compatopts_for_requires":true,"compat_wrappedjsobject":false,"compat_metadata":false,"compat_foreach":false,"compat_powerful_this":null,"sandbox":null,"noframes":null,"unwrap":null,"run_at":null,"run_in":null,"tags":[],"override":{"use_includes":[],"orig_includes":[],"merge_includes":true,"use_matches":[],"orig_matches":["*://*.luogu.com.cn/*","*://*.luogu.com/*"],"merge_matches":true,"use_excludes":[],"orig_excludes":[],"merge_excludes":true,"use_connects":[],"orig_connects":["baidu.com","greasyfork.org.cn"],"merge_connects":true,"use_blockers":[],"orig_run_at":"document-idle","orig_run_in":[],"orig_noframes":null,"orig_tags":[]}},"settings":{"enabled":true,"position":2},"meta":{"name":"Better Luogu!","uuid":"9fe9e280-9c5d-4054-86fd-dc2a45db52bd","modified":1754533228552,"file_url":"https://update.greasyfork.org.cn/scripts/487511/Better%20Luogu%21.user.js"}}