{"options":{"check_for_updates":true,"user_modified":null,"comment":null,"compatopts_for_requires":true,"compat_wrappedjsobject":false,"compat_metadata":false,"compat_foreach":false,"compat_powerful_this":null,"sandbox":null,"noframes":null,"unwrap":null,"run_at":null,"run_in":null,"tags":[],"override":{"use_includes":[],"orig_includes":[],"merge_includes":true,"use_matches":[],"orig_matches":["https://www.luogu.com/article/*","https://www.luogu.com.cn/article/*"],"merge_matches":true,"use_excludes":[],"orig_excludes":[],"merge_excludes":true,"use_connects":[],"orig_connects":[],"merge_connects":true,"use_blockers":[],"orig_run_at":"document-idle","orig_run_in":[],"orig_noframes":null,"orig_tags":[]}},"settings":{"enabled":true,"position":3},"meta":{"name":"luogu-复制专栏源码","uuid":"54b9f720-ddb3-4e48-a905-227904e9641e","modified":1754533234909,"file_url":"https://update.greasyfork.org.cn/scripts/489299/luogu-%E5%A4%8D%E5%88%B6%E4%B8%93%E6%A0%8F%E6%BA%90%E7%A0%81.user.js"}}