{"options":{"check_for_updates":true,"user_modified":null,"comment":null,"compatopts_for_requires":true,"compat_wrappedjsobject":false,"compat_metadata":false,"compat_foreach":false,"compat_powerful_this":null,"sandbox":null,"noframes":null,"unwrap":null,"run_at":null,"run_in":null,"tags":[],"override":{"use_includes":[],"orig_includes":[],"merge_includes":true,"use_matches":[],"orig_matches":["*://www.luogu.com.cn/*"],"merge_matches":true,"use_excludes":[],"orig_excludes":[],"merge_excludes":true,"use_connects":[],"orig_connects":[],"merge_connects":true,"use_blockers":[],"orig_run_at":"document-idle","orig_run_in":[],"orig_noframes":null,"orig_tags":[]}},"settings":{"enabled":true,"position":4},"meta":{"name":"洛谷验证码自动识别并填写","uuid":"97e29a89-0905-4dfe-baa3-7062225bfe1f","modified":1754533288459,"file_url":"https://update.greasyfork.org.cn/scripts/539208/%E6%B4%9B%E8%B0%B7%E9%AA%8C%E8%AF%81%E7%A0%81%E8%87%AA%E5%8A%A8%E8%AF%86%E5%88%AB%E5%B9%B6%E5%A1%AB%E5%86%99.user.js"}}